id,title,text,gold_keywords
1,基于文本挖掘的科技文献关键词抽取方法研究,本文针对中文科技文献关键词抽取问题，提出一种融合TF-IDF和TextRank的轻量级关键词排序方法。实验表明该方法能够较好识别论文摘要中的核心概念。,文本挖掘;关键词抽取;TF-IDF;TextRank;科技文献
2,面向中文论文的关键词共现网络分析,为了发现学科文献中的核心概念关系，本文构建关键词共现网络，并利用图分析方法识别高频关键词和核心节点。,中文论文;关键词共现;网络分析;核心概念;图分析
3,基于机器学习的金融风险预测模型,针对金融市场风险预测问题，本文使用机器学习算法构建风险预测模型，并对特征选择和模型评估方法进行分析。,机器学习;金融风险;风险预测;特征选择;模型评估
4,医学影像辅助诊断中的图像特征提取方法,医学影像分析是辅助诊断的重要技术。本文研究图像特征提取方法，并比较不同分类算法在疾病识别任务中的表现。,医学影像;辅助诊断;特征提取;分类算法;疾病识别
5,高校教学质量评价指标体系构建研究,本文围绕高校教学质量评价问题，构建评价指标体系，并采用问卷调查和统计分析方法验证指标的有效性。,高校教学;质量评价;指标体系;问卷调查;统计分析
6,城市交通拥堵预测与路径优化方法,针对城市交通拥堵问题，本文结合历史交通流量数据，建立拥堵预测模型，并提出路径优化策略。,城市交通;拥堵预测;交通流量;路径优化;预测模型
7,农业物联网环境监测数据分析系统,本文设计农业物联网环境监测系统，采集温度湿度等传感器数据，并进行数据分析和异常检测。,农业物联网;环境监测;传感器数据;数据分析;异常检测
8,基于社会网络分析的科研合作关系研究,本文利用社会网络分析方法研究科研合作关系，构建作者合作网络，并计算节点中心性指标。,社会网络分析;科研合作;合作网络;节点中心性;关系研究
9,面向电子商务评论的主题词提取方法,针对电子商务评论文本，本文使用词频统计和图排序方法提取主题词，并分析用户关注的产品属性。,电子商务;评论文本;主题词提取;图排序;产品属性
10,基于遥感影像的土地利用分类研究,本文利用遥感影像数据进行土地利用分类，提取图像特征并训练分类模型，分析不同土地类型的识别效果。,遥感影像;土地利用;图像特征;分类模型;土地类型
